Product Name,Qty in Project,Part Number,Part Name,Part Type,Quantity,Cut Length,% of Stock,Milled,Unit,Color
"ThinWall - Active Door",10,"48446-BL-102","Web Rail-Deep","Extrusion",1,"33.875","33.2%","Yes","IN","Black (Powder Coated)"
"ThinWall - Active Door",10,"E-12305H-BL-106","Web Rail","Extrusion",1,"33.875","32.0%","Yes","IN","Black (Powder Coated)"
"ThinWall - Active Door",10,"48420-BL-78","Whisker Strip","Extrusion",2,"39.875","51.1%","Yes","IN","Black (Powder Coated)"
"ThinWall - Active Door",10,"E-12154-BL-123","Door Stop","Extrusion",1,"108.500","88.2%","Yes","IN","Black (Powder Coated)"
"ThinWall - Active Door",10,"48447-BL-123","Glass Stop (Face)","Extrusion",2,"97.625","79.4%","Yes","IN","Black (Powder Coated)"
"ThinWall - Active Door",10,"48445-BL","2"" Fixed Back Stile","Extrusion",1,"105.000","","Yes","IN","Black (Powder Coated)"
"ThinWall - Active Door",10,"48447-BL-102","Glass Stop (Face)","Extrusion",2,"33.875","33.2%","Yes","IN","Black (Powder Coated)"
"ThinWall - Active Door",10,"E-12306-BL-123","Starter Channel","Extrusion",2,"108.500","88.2%","Yes","IN","Black (Powder Coated)"
"ThinWall - Active Door",10,"48448-BL-123","Glass Stop (Gutter)","Extrusion",2,"97.625","79.4%","Yes","IN","Black (Powder Coated)"
"ThinWall - Active Door",10,"48448-BL-99","Glass Stop (Gutter)","Extrusion",2,"33.875","34.2%","Yes","IN","Black (Powder Coated)"
"ThinWall - Active Door",10,"E-12382H-BL-122","Lock Stile","Extrusion",1,"105.000","86.1%","Yes","IN","Black (Powder Coated)"
"ThinWall - Active Door",10,"E-12311-BL-85","Roller Track","Extrusion",1,"72.000","84.7%","Yes","IN","Black (Powder Coated)"
"ThinWall - Active Door",10,"HW-LCK-MORLS08-LB","Hook Bolt Lock Set","Hardware",1,"","","Yes","EA","Black (Powder Coated)"
"ThinWall - Active Door",10,"DR-ASD-TUBP020","3/8-24 Threaded Rod 35-1/16L","Hardware",2,"","","Yes","EA","Black (Powder Coated)"
"ThinWall - Active Door",10,"AD-LUG-1.55-FG","ThinWall Sliding Door Lug 1.55","Hardware",2,"","","Yes","EA","Black (Powder Coated)"
"ThinWall - Active Door",10,"AD-LUG-1.94-FG","Small Door Lug 1.94","Hardware",2,"","","Yes","EA","Black (Powder Coated)"
"ThinWall - Active Door",10,"AD-SWG-SHIM-FG","Extra-Wide Shim Jack","Hardware",3,"","","Yes","EA","Black (Powder Coated)"
"ThinWall - Active Door",10,"DR-ASD-BUMBS35","Black Bumper","Hardware",9,"","","Yes","EA","Black (Powder Coated)"
"ThinWall - Active Door",10,"DR-ASD-TUBP938","Trim Sweep Pile","Hardware",6,"","","Yes","EA","Black (Powder Coated)"
"ThinWall - Active Door",10,"DR-ASD-ULTQTST","Swing Door Pile","Hardware",7,"","","Yes","EA","Black (Powder Coated)"
"ThinWall - Active Door",10,"DR-ASD-TUB013D","Lock Stile Pile","Hardware",6,"","","Yes","EA","Black (Powder Coated)"
"ThinWall - Active Door",10,"HW-ADR-ALB1600","Soft-Close Roller Kit","Hardware",1,"","","Yes","EA","Black (Powder Coated)"
"ThinWall - Active Door",10,"RM-PUCK-BRKT","Roller Guide Bracket 12g Steel","Hardware",1,"","","Yes","EA","Black (Powder Coated)"
"ThinWall - Active Door",10,"HW-ROLL-BUL105","MR105 Mini V Wheel Assembly","Hardware",1,"","","Yes","EA","Black (Powder Coated)"
"ThinWall - Active Door",10,"AD-ACC-TRK-CAP","Albatur 9700 Roller Track Cap","Hardware",1,"","","Yes","EA","Black (Powder Coated)"
"ThinWall - Active Door",10,"HW-PLT-ALB0105","Albatur Suspension Plate","Hardware",2,"","","Yes","EA","Black (Powder Coated)"
"ThinWall - Active Door",10,"DR-ASD-ABL126D","Lock Cylinder Housing","Hardware",1,"","","Yes","EA","Black (Powder Coated)"
"ThinWall - Active Door",10,"HW-PLG-5MM-BLK","Hole Plug","Hardware",3,"","","Yes","EA","Black (Powder Coated)"
"ThinWall - Active Door",10,"HW-PLG-13MM-BLK","Hole Plug","Hardware",1,"","","Yes","EA","Black (Powder Coated)"
"ThinWall - Active Door",10,"HW-STD-MCMA604","M5x15mm Press-Fit Stud","Hardware",2,"","","Yes","EA","Black (Powder Coated)"
"ThinWall - Active Door",10,"DR-ASD-TUBS071","3/8-24 Locking Nut","Hardware",4,"","","Yes","EA","Black (Powder Coated)"
"ThinWall - Active Door",10,"DR-ASD-TUBP852","3/8 ID x 1-1/4 OD Washer","Hardware",4,"","","Yes","EA","Black (Powder Coated)"
"ThinWall - Active Door",10,"DR-ASD-NUT6360","1/4-20 Threaded Rivnut Insert","Hardware",3,"","","Yes","EA","Black (Powder Coated)"
"ThinWall - Active Door",10,"DR-ASD-NUT2310","1/4-20 x 3/4 Flat Head Screw","Hardware",3,"","","Yes","EA","Black (Powder Coated)"
"ThinWall - Active Door",10,"DR-ASD-NUT2641","#10-24 x 3/8 Philips Pan Head","Hardware",8,"","","Yes","EA","Black (Powder Coated)"
"ThinWall - Active Door",10,"HW-SCR-FAS9097","#6 x 3/8 Flat Head Phillips Screw","Hardware",2,"","","Yes","EA","Black (Powder Coated)"
"ThinWall - Active Door",10,"SL-502-PLASI-LCKSTRIKE-BL","Plastic Lock Strike","Hardware",1,"","","Yes","EA","Black (Powder Coated)"
"ThinWall - Active Door",10,"HW-LCK-MORLS08-FP-BL","Sliding Door Lock Face Plate","Hardware",1,"","","Yes","EA","Black (Powder Coated)"
"ThinWall - Active Door",10,"FOAM ROLL","Foam Gasket","Hardware",4,"","","Yes","LF","Black (Powder Coated)"
"ThinWall - Active Door",10,"GLASS-CLEAR","Clear Glass","Glass",1,"33.375 x 98.125","","Yes","SQ FT","N/A"
"ThinWall - Active Door",10,"DR-ASD-MORN1829-BL","72"" Locking Pull Handle","Option",1,"","","Yes","EA","Black (Powder Coated)"
"ThinWall - Active Door",10,"cardboard-box-door","Cardboard Box","Packaging",1,"","","Yes","EA","Black (Powder Coated)"