Product Name,Qty in Project,Part Number,Part Name,Part Type,Quantity,Cut Length,% of Stock,Milled,Unit,Color
"ThinWall - Fixed End Panel",10,"48468-BL","Fixed Back Stile","Extrusion",1,"106.625","","Yes","IN","Black (Powder Coated)"
"ThinWall - Fixed End Panel",10,"48450-BL-102","Web Rail-Shallow","Extrusion",1,"38.875","38.1%","Yes","IN","Black (Powder Coated)"
"ThinWall - Fixed End Panel",10,"E-12307H-BL-102","Web Rail","Extrusion",1,"38.875","38.1%","Yes","IN","Black (Powder Coated)"
"ThinWall - Fixed End Panel",10,"48349-BL-78","U-Channel-Shallow","Extrusion",1,"43.875","56.3%","Yes","IN","Black (Powder Coated)"
"ThinWall - Fixed End Panel",10,"E-12304-BL-78","Thinwall U-Channel","Extrusion",1,"43.875","56.3%","Yes","IN","Black (Powder Coated)"
"ThinWall - Fixed End Panel",10,"E-12303-BL-123","Flat Stock Trim","Extrusion",2,"45.000","36.6%","Yes","IN","Black (Powder Coated)"
"ThinWall - Fixed End Panel",10,"48601-BL-123","Sliding Door Seal","Extrusion",1,"108.500","88.2%","Yes","IN","Black (Powder Coated)"
"ThinWall - Fixed End Panel",10,"E-12306-BL-123","Starter Channel","Extrusion",1,"108.500","88.2%","Yes","IN","Black (Powder Coated)"
"ThinWall - Fixed End Panel",10,"48447-BL-123","Glass Stop (Face)","Extrusion",2,"97.625","79.4%","Yes","IN","Black (Powder Coated)"
"ThinWall - Fixed End Panel",10,"48447-BL-102","Glass Stop (Face)","Extrusion",2,"38.875","38.1%","Yes","IN","Black (Powder Coated)"
"ThinWall - Fixed End Panel",10,"48448-BL-123","Glass Stop (Gutter)","Extrusion",2,"97.625","79.4%","Yes","IN","Black (Powder Coated)"
"ThinWall - Fixed End Panel",10,"48351-BL-123","Dovetail","Extrusion",1,"106.625","86.7%","Yes","IN","Black (Powder Coated)"
"ThinWall - Fixed End Panel",10,"48448-BL-99","Glass Stop (Gutter)","Extrusion",2,"38.875","39.3%","Yes","IN","Black (Powder Coated)"
"ThinWall - Fixed End Panel",10,"DR-ASD-TUBP020","3/8-24 Threaded Rod 35-1/16L","Hardware",2,"","","Yes","EA","Black (Powder Coated)"
"ThinWall - Fixed End Panel",10,"AD-LUG-1.04-FG","Small Door Lug","Hardware",2,"","","Yes","EA","Black (Powder Coated)"
"ThinWall - Fixed End Panel",10,"AD-LUG-3.20-FG","Small Door Lug","Hardware",2,"","","Yes","EA","Black (Powder Coated)"
"ThinWall - Fixed End Panel",10,"DR-ASD-BUMBS35","Black Bumper","Hardware",9,"","","Yes","EA","Black (Powder Coated)"
"ThinWall - Fixed End Panel",10,"DR-ASD-TUBP938","Trim Sweep Pile","Hardware",1,"","","Yes","EA","Black (Powder Coated)"
"ThinWall - Fixed End Panel",10,"DR-ASD-TUBS071","3/8-24 Locking Nut","Hardware",4,"","","Yes","EA","Black (Powder Coated)"
"ThinWall - Fixed End Panel",10,"DR-ASD-TUBP852","3/8 ID x 1-1/4 OD Washer","Hardware",4,"","","Yes","EA","Black (Powder Coated)"
"ThinWall - Fixed End Panel",10,"HW-N&B-FAS3004","Flat Washer","Hardware",2,"","","Yes","EA","Black (Powder Coated)"
"ThinWall - Fixed End Panel",10,"DR-ASD-NUT1512","Hex Head Screw","Hardware",2,"","","Yes","EA","Black (Powder Coated)"
"ThinWall - Fixed End Panel",10,"RM-PUCK-BRKT","Roller Guide Bracket 12g Steel","Hardware",1,"","","Yes","EA","Black (Powder Coated)"
"ThinWall - Fixed End Panel",10,"HW-STD-MCMA604","M5x15mm Press-Fit Stud","Hardware",2,"","","Yes","EA","Black (Powder Coated)"
"ThinWall - Fixed End Panel",10,"FOAM ROLL","Foam Gasket","Hardware",4,"","","Yes","LF","Black (Powder Coated)"
"ThinWall - Fixed End Panel",10,"GLASS-CLEAR","Clear Glass","Glass",1,"38.375 x 98.125","","Yes","SQ FT","N/A"
"ThinWall - Fixed End Panel",10,"DR-ASD-NUT884","HexSleeve Anchor","Fastener",2,"","","Yes","","Black (Powder Coated)"
"ThinWall - Fixed End Panel",10,"HW-BLT-FAS2060","Lag Bolt","Fastener",2,"","","Yes","","Black (Powder Coated)"