Product Name,Qty in Project,Part Number,Part Name,Part Type,Quantity,Cut Length,% of Stock,Milled,Unit,Color
"Active Sliding Door",10,"48420-BL-242","Whisker Strip","Extrusion",2,"39.875","16.5%","Yes","IN","Black (Powder Coated)"
"Active Sliding Door",10,"48447-BL-123","Glass Stop (Face)","Extrusion",2,"31.500","25.6%","No","IN","Black (Powder Coated)"
"Active Sliding Door",10,"E-12305H-BL-106","2"" ThinWall Web Rail","Extrusion",1,"31.500","29.7%","Yes","IN","Black (Powder Coated)"
"Active Sliding Door",10,"48448-BL-123","Glass Stop (Gutter)","Extrusion",2,"85.625","69.6%","No","IN","Black (Powder Coated)"
"Active Sliding Door",10,"48448-BL-123","Glass Stop (Gutter)","Extrusion",2,"31.500","25.6%","No","IN","Black (Powder Coated)"
"Active Sliding Door",10,"E-12382H-BL-99","4"" Lock Stile","Extrusion",1,"93.000","93.9%","Yes","IN","Black (Powder Coated)"
"Active Sliding Door",10,"E-12311-BL-145","Roller Track","Extrusion",1,"72.000","49.7%","Yes","IN","Black (Powder Coated)"
"Active Sliding Door",10,"48445-BL-99","2"" Fixed Back Stile","Extrusion",1,"93.000","93.9%","Yes","IN","Black (Powder Coated)"
"Active Sliding Door",10,"48447-BL-123","Glass Stop (Face)","Extrusion",2,"85.625","69.6%","No","IN","Black (Powder Coated)"
"Active Sliding Door",10,"E-12154-BL-123","ThinWall Door Stop","Extrusion",1,"96.500","78.5%","Yes","IN","Black (Powder Coated)"
"Active Sliding Door",10,"48446-BL-102","4"" Web Rail Deep","Extrusion",1,"31.500","30.9%","Yes","IN","Black (Powder Coated)"
"Active Sliding Door",10,"48347-MF-75","Sliding Door U-Channel","Extrusion",1,"36.625","48.8%","Yes","IN","Black (Powder Coated)"
"Active Sliding Door",10,"48445-BL-99","2"" Fixed Back Stile","Extrusion",1,"96.500","97.5%","Yes","IN","Black (Powder Coated)"
"Active Sliding Door",10,"AD-SWG-SHIM-FG","Extra-Wide Shim Jack","Hardware",3,"","","","EA","Black (Powder Coated)"
"Active Sliding Door",10,"DR-ASD-BUMBS35","Black Bumper","Hardware",9,"","","","EA","Black (Powder Coated)"
"Active Sliding Door",10,"HW-ROLL-BUL105","MR105 Mini V Wheel Assembly","Hardware",1,"","","","EA","Black (Powder Coated)"
"Active Sliding Door",10,"HW-PLT-ALB0105","Albatur Suspension Plate","Hardware",2,"","","","EA","Black (Powder Coated)"
"Active Sliding Door",10,"HW-SCR-FAS9097-BLK","#6 x 3/8 Flat Head Phillips Screw","Hardware",2,"","","","EA","Black (Powder Coated)"
"Active Sliding Door",10,"DR-ASD-NUT2641","#10-24 x 3/8 Philips Pan Head","Hardware",8,"","","","EA","Black (Powder Coated)"
"Active Sliding Door",10,"DR-ASD-TUBP938","Trim Sweep Pile","Hardware",6,"","","","EA","Black (Powder Coated)"
"Active Sliding Door",10,"DR-ASD-ULTQTST","Swing Door Pile","Hardware",7,"","","","EA","Black (Powder Coated)"
"Active Sliding Door",10,"DR-ASD-TUB013D","Lock Stile Pile","Hardware",6,"","","","EA","Black (Powder Coated)"
"Active Sliding Door",10,"AD-ACC-TRK-CAP","Albatur 9700 Roller Track Cap","Hardware",1,"","","","EA","Black (Powder Coated)"
"Active Sliding Door",10,"AD-LUG-1.55-FG","Door Lug (1.55)","Hardware",2,"","","","EA","Black (Powder Coated)"
"Active Sliding Door",10,"DR-ASD-NUT6360","1/4-20 Threaded Rivnut Insert","Hardware",3,"","","","EA","Black (Powder Coated)"
"Active Sliding Door",10,"DR-ASD-TUBS071","3/8-24 Locking Nut","Hardware",4,"","","","EA","Black (Powder Coated)"
"Active Sliding Door",10,"HW-PLG-13MM","13mm Hole Plug","Hardware",1,"","","","EA","Black (Powder Coated)"
"Active Sliding Door",10,"AD-LUG-1.94-FG","Door Lug (1.94)","Hardware",2,"","","","EA","Black (Powder Coated)"
"Active Sliding Door",10,"HW-STD-MCMA604","M5x15mm Press-Fit Stud","Hardware",2,"","","","EA","Black (Powder Coated)"
"Active Sliding Door",10,"HW-PLG-5MM","5mm Hole Plug","Hardware",3,"","","","EA","Black (Powder Coated)"
"Active Sliding Door",10,"DR-ASD-NUT2310","1/4-20 x 3/4 Flat Head Screw","Hardware",3,"","","","EA","Black (Powder Coated)"
"Active Sliding Door",10,"HW-ADR-ALB1600","Soft-Close Roller Kit","Hardware",1,"","","","EA","Black (Powder Coated)"
"Active Sliding Door",10,"RM-PUCK-BRKT-RI","Roller Guide Bracket 12g Steel","Hardware",1,"","","","EA","Black (Powder Coated)"
"Active Sliding Door",10,"FOAM-GASKET-ROLL","Foam Gasket","Hardware",2,"7.250","","","LF","Black (Powder Coated)"
"Active Sliding Door",10,"DR-ASD-TUB1408-BL","Sliding Door Lock Face Plate","Hardware",1,"","","","EA","Black (Powder Coated)"
"Active Sliding Door",10,"FOAM-GASKET-ROLL","Foam Gasket","Hardware",2,"2.823","","","LF","Black (Powder Coated)"
"Active Sliding Door",10,"HW-SPR-MCMK221","4.5"" Zinc Spring","Hardware",2,"","","","EA","Black (Powder Coated)"
"Active Sliding Door",10,"GLASS-CLEAR","Clear Glass","Glass",1,"33.375 x 86.125","","","SQ FT","N/A"
"Active Sliding Door",10,"HW-SCR-MCMA572","1/4-20 Zinc 4"" Screw","Fastener",2,"","","","EA","Black (Powder Coated)"
"Active Sliding Door",10,"door-box","Cardboard Box for Door","Packaging",2,"","","","EA","Black (Powder Coated)"
"Active Sliding Door",10,"DR-ASD-TUBP020-72","3/8-24 Threaded Rod 35-1/16L","CutStock",2,"","","","IN","Black (Powder Coated)"