Product Name,Qty in Project,Part Number,Part Name,Part Type,Quantity,Cut Length,% of Stock,Milled,Unit,Color
"ThinWall - Fixed End Panel (4"")",10,"48448-BL-123","Glass Stop (Gutter)","Extrusion",2,"87.000","70.7%","No","IN","Black (Powder Coated)"
"ThinWall - Fixed End Panel (4"")",10,"48601-BL-99","Sliding Door Seal","Extrusion",1,"96.500","97.5%","Yes","IN","Black (Powder Coated)"
"ThinWall - Fixed End Panel (4"")",10,"48447-BL-123","Glass Stop (Face)","Extrusion",2,"87.000","70.7%","No","IN","Black (Powder Coated)"
"ThinWall - Fixed End Panel (4"")",10,"48447-BL-123","Glass Stop (Face)","Extrusion",2,"33.875","27.5%","No","IN","Black (Powder Coated)"
"ThinWall - Fixed End Panel (4"")",10,"48450-BL-102","4"" Web Rail Shallow","Extrusion",1,"35.000","34.3%","Yes","IN","Black (Powder Coated)"
"ThinWall - Fixed End Panel (4"")",10,"48351-BL-99","Dovetail","Extrusion",1,"94.375","95.3%","Yes","IN","Black (Powder Coated)"
"ThinWall - Fixed End Panel (4"")",10,"48349-BL-144","U-Channel Shallow","Extrusion",1,"40.000","27.8%","Yes","IN","Black (Powder Coated)"
"ThinWall - Fixed End Panel (4"")",10,"E-12304-BL-78","Thinwall U-Channel","Extrusion",1,"40.000","51.3%","Yes","IN","Black (Powder Coated)"
"ThinWall - Fixed End Panel (4"")",10,"48468-BL-99","4"" Fixed Back Stile","Extrusion",1,"96.000","97.0%","Yes","IN","Black (Powder Coated)"
"ThinWall - Fixed End Panel (4"")",10,"48448-BL-123","Glass Stop (Gutter)","Extrusion",2,"33.875","27.5%","No","IN","Black (Powder Coated)"
"ThinWall - Fixed End Panel (4"")",10,"E-12307H-BL-102","4"" ThinWall Web Rail","Extrusion",1,"35.000","34.3%","Yes","IN","Black (Powder Coated)"
"ThinWall - Fixed End Panel (4"")",10,"E-12303-BL-123","Flat Stock Trim","Extrusion",2,"40.500","32.9%","No","IN","Black (Powder Coated)"
"ThinWall - Fixed End Panel (4"")",10,"DR-ASD-BUMBS35","Black Bumper","Hardware",9,"","","","EA","Black (Powder Coated)"
"ThinWall - Fixed End Panel (4"")",10,"AD-LUG-1.04-FG","Door Lug (1.04)","Hardware",2,"","","","EA","Black (Powder Coated)"
"ThinWall - Fixed End Panel (4"")",10,"DR-ASD-TUBP938","Trim Sweep Pile","Hardware",1,"","","","EA","Black (Powder Coated)"
"ThinWall - Fixed End Panel (4"")",10,"DR-ASD-NUT1512","Hex Head Screw","Hardware",2,"","","","EA","Black (Powder Coated)"
"ThinWall - Fixed End Panel (4"")",10,"HW-N&B-FAS3004","Flat Washer","Hardware",2,"","","","EA","Black (Powder Coated)"
"ThinWall - Fixed End Panel (4"")",10,"HW-STD-MCMA604","M5x15mm Press-Fit Stud","Hardware",2,"","","","EA","Black (Powder Coated)"
"ThinWall - Fixed End Panel (4"")",10,"DR-ASD-TUBS071","3/8-24 Locking Nut","Hardware",4,"","","","EA","Black (Powder Coated)"
"ThinWall - Fixed End Panel (4"")",10,"RM-PUCK-BRKT-RI","Roller Guide Bracket 12g Steel","Hardware",1,"","","","EA","Black (Powder Coated)"
"ThinWall - Fixed End Panel (4"")",10,"FOAM-GASKET-ROLL","Foam Gasket","Hardware",2,"7.250","","","LF","Black (Powder Coated)"
"ThinWall - Fixed End Panel (4"")",10,"FOAM-GASKET-ROLL","Foam Gasket","Hardware",2,"2.917","","","LF","Black (Powder Coated)"
"ThinWall - Fixed End Panel (4"")",10,"DR-ASD-TUBP020","3/8-24 Threaded Rod 35-1/16L","Hardware",2,"","","","EA","Black (Powder Coated)"
"ThinWall - Fixed End Panel (4"")",10,"AD-LUG-3.20-FG","Door Lug (3.20)","Hardware",2,"","","","EA","Black (Powder Coated)"
"ThinWall - Fixed End Panel (4"")",10,"GLASS-CLEAR","Clear Glass","Glass",1,"34.500 x 86.125","","","SQ FT","N/A"
"ThinWall - Fixed End Panel (4"")",10,"DR-ASD-NUT884","HexSleeve Anchor","Fastener",2,"","","","","Black (Powder Coated)"
"ThinWall - Fixed End Panel (4"")",10,"HW-BLT-FAS2060","Lag Bolt","Fastener",2,"","","","","Black (Powder Coated)"
"ThinWall - Fixed End Panel (4"")",10,"MS-BX-38-84X120-DW","Fixed Panel and Door Box","Packaging",1,"","","","EA","Black (Powder Coated)"
"ThinWall - Fixed End Panel (4"")",10,"JAMB-KIT-BOX","Jamb Kit Box","Packaging",1,"","","","EA","Black (Powder Coated)"