Opening,Product Name,Component Size,Part Number,Part Name,Part Type,Quantity,Cut Length,% of Stock,Unit,Color,Description
"Sliding Door","ThinWall - Active Door","38" × 96"","48445-BL-99","Fixed Back Stile","Extrusion",1,"93.00","93.9%","IN","Black (Powder Coated)",""
"Sliding Door","ThinWall - Active Door","38" × 96"","E-12382H-BL-99","Lock Stile","Extrusion",1,"93.00","93.9%","IN","Black (Powder Coated)","4” Wide Lock Stile"
"Sliding Door","ThinWall - Active Door","38" × 96"","48446-BL-102","Web Rail-Deep","Extrusion",1,"31.88","31.3%","IN","Black (Powder Coated)","4" Web Rail-Deep"
"Sliding Door","ThinWall - Active Door","38" × 96"","E-12305H-BL-106","Web Rail","Extrusion",1,"31.88","30.1%","IN","Black (Powder Coated)","2" Thinwall Web Rail"
"Sliding Door","ThinWall - Active Door","38" × 96"","48420-BL-78","Whisker Strip","Extrusion",2,"37.88","48.6%","IN","Black (Powder Coated)","Whisker Strip"
"Sliding Door","ThinWall - Active Door","38" × 96"","48448-BL-99","Glass Stop","Extrusion",2,"85.63","86.5%","IN","Black (Powder Coated)","Glass Stop (Gutter)"
"Sliding Door","ThinWall - Active Door","38" × 96"","48447-BL-102","Glass Stop","Extrusion",2,"85.63","83.9%","IN","Black (Powder Coated)","Glass Stop (Face)"
"Sliding Door","ThinWall - Active Door","38" × 96"","E-12154-BL-123","Door Stop","Extrusion",1,"96.50","78.5%","IN","Black (Powder Coated)","ThinWall Door Stop"
"Sliding Door","ThinWall - Active Door","38" × 96"","E-12306-BL-123","Starter Channel","Extrusion",1,"96.50","78.5%","IN","Black (Powder Coated)","ThinWall Starter Channel"
"Sliding Door","ThinWall - Active Door","38" × 96"","E-12311-BL-85","Roller Track","Extrusion",1,"60.00","70.6%","IN","Black (Powder Coated)","Albatur Roller Channel"
"Sliding Door","ThinWall - Active Door","38" × 96"","HW-LCK-MORMH36-BLK","Lock Cylinder Housing/Spacer","Hardware",1,"","","EA","Black (Powder Coated)","Hardware"
"Sliding Door","ThinWall - Active Door","38" × 96"","HW-LCK-MORLS08-LB","Hook Bolt Lock Set","Hardware",1,"","","EA","Black (Powder Coated)",""
"Sliding Door","ThinWall - Active Door","38" × 96"","SL-502-ALUM-LOCK-STRIKE","Aluminum Lock Strike","Hardware",1,"","","EA","Black (Powder Coated)",""
"Sliding Door","ThinWall - Active Door","38" × 96"","DR-ASD-TUBP020","3/8-24 Threaded Rod 35-1/16L","Hardware",2,"","","EA","Black (Powder Coated)",""
"Sliding Door","ThinWall - Active Door","38" × 96"","AD-LUG-1.55-FG","ThinWall Sliding Door Lug 1.55","Hardware",2,"","","EA","Black (Powder Coated)",""
"Sliding Door","ThinWall - Active Door","38" × 96"","AD-LUG-1.94-FG","Small Door Lug 1.94","Hardware",2,"","","EA","Black (Powder Coated)",""
"Sliding Door","ThinWall - Active Door","38" × 96"","AD-SWG-SHIM-FG","Extra-Wide Shim Jack","Hardware",3,"","","EA","Black (Powder Coated)",""
"Sliding Door","ThinWall - Active Door","38" × 96"","DR-ASD-BUMBS35","Black Bumper","Hardware",9,"","","EA","Black (Powder Coated)","Rubber Bumper for 1/4 Glass"
"Sliding Door","ThinWall - Active Door","38" × 96"","HW-CSD-FAIR3275","Foam Gasket","Hardware",14,"","","EA","Black (Powder Coated)","1/4 PE Foam Gasket"
"Sliding Door","ThinWall - Active Door","38" × 96"","DR-ASD-TUBP938","Trim Sweep Pile","Hardware",6,"","","EA","Black (Powder Coated)",""
"Sliding Door","ThinWall - Active Door","38" × 96"","DR-ASD-ULTQTST","Swing Door Pile","Hardware",7,"","","EA","Black (Powder Coated)",""
"Sliding Door","ThinWall - Active Door","38" × 96"","DR-ASD-TUB013D","Lock Stile Pile","Hardware",6,"","","EA","Black (Powder Coated)",""
"Sliding Door","ThinWall - Active Door","38" × 96"","HW-ADR-ALB1600","Soft-Close Roller Kit","Hardware",1,"","","EA","Black (Powder Coated)",""
"Sliding Door","ThinWall - Active Door","38" × 96"","HW-STD-MCMA604","M5x15mm Press-Fit Stud","Hardware",2,"","","EA","Black (Powder Coated)",""
"Sliding Door","ThinWall - Active Door","38" × 96"","RM-PUCK-BRKT","Roller Guide Bracket 12g Steel","Hardware",1,"","","EA","Black (Powder Coated)",""
"Sliding Door","ThinWall - Active Door","38" × 96"","HW-ROLL-BUL105","MR105 Mini V Wheel Assembly","Hardware",1,"","","EA","Black (Powder Coated)",""
"Sliding Door","ThinWall - Active Door","38" × 96"","HW-PLT-ALB0105","Albatur Suspension Plate","Hardware",2,"","","EA","Black (Powder Coated)",""
"Sliding Door","ThinWall - Active Door","38" × 96"","AD-ACC-TRK-CAP","Albatur 9700 Roller Track Cap","Hardware",1,"","","EA","Black (Powder Coated)",""
"Sliding Door","ThinWall - Active Door","38" × 96"","HW-PLG-13MM-BLK","Hole Plug","Hardware",1,"","","EA","Black (Powder Coated)","13mm Hole Plug"
"Sliding Door","ThinWall - Active Door","38" × 96"","HW-PLG-5MM-BLK","Hole Plug","Hardware",3,"","","EA","Black (Powder Coated)","5mm Hole Plug"
"Sliding Door","ThinWall - Active Door","38" × 96"","DR-ASD-TUBS071","3/8-24 Locking Nut","Hardware",4,"","","EA","Black (Powder Coated)",""
"Sliding Door","ThinWall - Active Door","38" × 96"","DR-ASD-TUBP852","3/8 ID x 1-1/4 OD Washer","Hardware",4,"","","EA","Black (Powder Coated)",""
"Sliding Door","ThinWall - Active Door","38" × 96"","DR-ASD-NUT6360","1/4-20 Threaded Rivnut Insert","Hardware",3,"","","EA","Black (Powder Coated)",""
"Sliding Door","ThinWall - Active Door","38" × 96"","DR-ASD-NUT2310","1/4-20 x 3/4 Flat Head Screw","Hardware",3,"","","EA","Black (Powder Coated)",""
"Sliding Door","ThinWall - Active Door","38" × 96"","DR-ASD-NUT2641","#10-24 x 3/8 Philips Pan Head","Hardware",8,"","","EA","Black (Powder Coated)",""
"Sliding Door","ThinWall - Active Door","38" × 96"","HW-SCR-FAS9097-BLK","#6 x 3/8 Flat Head Phillips Screw","Hardware",2,"","","EA","Black (Powder Coated)",""
"Sliding Door","ThinWall - Active Door","38" × 96"","GLASS-CLEAR","Clear Glass","Glass",1,"31.38" x 86.13" (18.77 SQ FT)","","SQ FT","N/A","Clear"
"Sliding Door","ThinWall - Active Door","38" × 96"","HW-HNDL-MORH4918-BL","Pull Handle (18")","Option",1,"","","EA","Black (Powder Coated)","Handle: Pull Handle (18")"