Opening,Product Name,Component Size,Part Number,Part Name,Part Type,Quantity,Cut Length,% of Stock,Unit,Color,Description
"Sliding Door2","ThinWall - Fixed Panel","36" × 96"","48351-BL-99","Dovetail","Extrusion",2,"94.63","95.6%","IN","Black (Powder Coated)","Dovetail Stile"
"Sliding Door2","ThinWall - Fixed Panel","36" × 96"","48450-BL-102","Web Rail-Shallow","Extrusion",1,"34.00","33.3%","IN","Black (Powder Coated)","4” Web Rail-Shallow"
"Sliding Door2","ThinWall - Fixed Panel","36" × 96"","E-12307H-BL-102","Web Rail","Extrusion",1,"34.00","33.3%","IN","Black (Powder Coated)","4” Web Rail Deep"
"Sliding Door2","ThinWall - Fixed Panel","36" × 96"","48349-BL-78","U-Channel-Shallow","Extrusion",1,"36.00","46.2%","IN","Black (Powder Coated)","U-Channel-Shallow"
"Sliding Door2","ThinWall - Fixed Panel","36" × 96"","E-12304-BL-78","Thinwall U-Channel","Extrusion",1,"36.00","46.2%","IN","Black (Powder Coated)","Thinwall U-Channel (2.5 x 1.5”)"
"Sliding Door2","ThinWall - Fixed Panel","36" × 96"","48448-BL-99","Glass Stop","Extrusion",2,"85.63","86.5%","IN","Black (Powder Coated)","Glass Stop (Gutter)"
"Sliding Door2","ThinWall - Fixed Panel","36" × 96"","48447-BL-102","Glass Stop","Extrusion",2,"85.63","83.9%","IN","Black (Powder Coated)","Glass Stop (Face)"
"Sliding Door2","ThinWall - Fixed Panel","36" × 96"","E-12303-BL-123","Flat Stock Trim","Extrusion",2,"36.50","29.7%","IN","Black (Powder Coated)","Flat Stock Trim"
"Sliding Door2","ThinWall - Fixed Panel","36" × 96"","48601-BL-99","Sliding Door Seal","Extrusion",1,"96.50","97.5%","IN","Black (Powder Coated)","Sliding Door Seal"
"Sliding Door2","ThinWall - Fixed Panel","36" × 96"","E-12306-BL-123","Starter Channel","Extrusion",1,"96.50","78.5%","IN","Black (Powder Coated)","ThinWall Starter Channel"
"Sliding Door2","ThinWall - Fixed Panel","36" × 96"","DR-ASD-TUBP020","3/8-24 Threaded Rod 35-1/16L","Hardware",2,"","","EA","Black (Powder Coated)",""
"Sliding Door2","ThinWall - Fixed Panel","36" × 96"","AD-LUG-1.04-FG","Small Door Lug","Hardware",2,"","","EA","Black (Powder Coated)","1.04" Door Lug"
"Sliding Door2","ThinWall - Fixed Panel","36" × 96"","AD-LUG-3.20-FG","Small Door Lug","Hardware",2,"","","EA","Black (Powder Coated)","3.20""
"Sliding Door2","ThinWall - Fixed Panel","36" × 96"","HW-CSD-FAIR3275","Foam Gasket","Hardware",14,"","","EA","Black (Powder Coated)","1/4 PE Foam Gasket"
"Sliding Door2","ThinWall - Fixed Panel","36" × 96"","DR-ASD-TUBP938","Trim Sweep Pile","Hardware",1,"","","EA","Black (Powder Coated)",""
"Sliding Door2","ThinWall - Fixed Panel","36" × 96"","DR-ASD-TUBS071","3/8-24 Locking Nut","Hardware",4,"","","EA","Black (Powder Coated)",""
"Sliding Door2","ThinWall - Fixed Panel","36" × 96"","DR-ASD-TUBP852","3/8 ID x 1-1/4 OD Washer","Hardware",4,"","","EA","Black (Powder Coated)",""
"Sliding Door2","ThinWall - Fixed Panel","36" × 96"","HW-N&B-FAS3004","Flat Washer","Hardware",2,"","","EA","Black (Powder Coated)","1/4" x 0.734" OD Zinc Flat Washer"
"Sliding Door2","ThinWall - Fixed Panel","36" × 96"","DR-ASD-NUT1512","Hex Head Screw","Hardware",2,"","","EA","Black (Powder Coated)","#10 x 3/4" Self-Tapping Hex Head Screw"
"Sliding Door2","ThinWall - Fixed Panel","36" × 96"","STICKER-FLAT-TRIM","Flat Trim Sticker","Hardware",1,"","","EA","Black (Powder Coated)","Sticker For Flat Stock Trim"
"Sliding Door2","ThinWall - Fixed Panel","36" × 96"","DR-ASD-BUMBS35","Black Bumper","Hardware",9,"","","EA","Black (Powder Coated)",""
"Sliding Door2","ThinWall - Fixed Panel","36" × 96"","DR-ASD-NUT884","HexSleeve Anchor","Hardware",2,"","","EA","Black (Powder Coated)",""
"Sliding Door2","ThinWall - Fixed Panel","36" × 96"","GLASS-CLEAR","Clear Glass","Glass",1,"33.50" x 86.13" (20.04 SQ FT)","","SQ FT","N/A","Clear"
"Sliding Door2","ThinWall - Fixed Panel","36" × 96"","HW-BLT-FAS2060","Lag Bolt","Fastener",2,"","","","Black (Powder Coated)","1/4-10 x 1-3/4" Hex Head Lag Bolt"