Product,Check Off,Part Number,Part Name,Cut Length,Qty Per Unit,Unit Count,Total Qty,Machined or Cut,Bin Location,Production Time
"ThinWall - Active Door","","48420-BL-78","Whisker Strip","39.875","2","10","20","Machined","",""
"ThinWall - Active Door","","48445-BL","2"" Fixed Back Stile","105.000","2","10","20","Machined","",""
"ThinWall - Active Door","","48446-BL-102","Web Rail-Deep","33.875","1","10","10","Machined","",""
"ThinWall - Active Door","","48447-BL-102","Glass Stop (Face)","33.875","2","10","20","Machined","",""
"ThinWall - Active Door","","48447-BL-123","Glass Stop (Face)","97.625","2","10","20","Machined","",""
"ThinWall - Active Door","","48448-BL-123","Glass Stop (Gutter)","97.625","2","10","20","Machined","",""
"ThinWall - Active Door","","48448-BL-99","Glass Stop (Gutter)","33.875","2","10","20","Machined","",""
"ThinWall - Active Door","","E-12154-BL-123","Door Stop","108.500","1","10","10","Machined","",""
"ThinWall - Active Door","","E-12305H-BL-106","Web Rail","33.875","1","10","10","Machined","",""
"ThinWall - Active Door","","E-12306-BL-123","Starter Channel","108.500","2","10","20","Machined","",""
"ThinWall - Active Door","","E-12311-BL-85","Roller Track","72.000","1","10","10","Machined","",""
"ThinWall - Active Door","","E-12382H-BL-122","Lock Stile","105.000","1","10","10","Machined","",""
"ThinWall - Fixed End Panel","","48349-BL-78","U-Channel-Shallow","43.875","1","10","10","Machined","",""
"ThinWall - Fixed End Panel","","48351-BL-123","Dovetail","106.625","1","10","10","Machined","",""
"ThinWall - Fixed End Panel","","48447-BL-102","Glass Stop (Face)","38.875","2","10","20","Machined","",""
"ThinWall - Fixed End Panel","","48447-BL-123","Glass Stop (Face)","97.625","2","10","20","Machined","",""
"ThinWall - Fixed End Panel","","48448-BL-123","Glass Stop (Gutter)","97.625","2","10","20","Machined","",""
"ThinWall - Fixed End Panel","","48448-BL-99","Glass Stop (Gutter)","38.875","2","10","20","Machined","",""
"ThinWall - Fixed End Panel","","48450-BL-102","Web Rail-Shallow","38.875","1","10","10","Machined","",""
"ThinWall - Fixed End Panel","","48468-BL","Fixed Back Stile","106.625","1","10","10","Machined","",""
"ThinWall - Fixed End Panel","","48601-BL-123","Sliding Door Seal","108.500","1","10","10","Machined","",""
"ThinWall - Fixed End Panel","","E-12303-BL-123","Flat Stock Trim","45.000","2","10","20","Machined","",""
"ThinWall - Fixed End Panel","","E-12304-BL-78","Thinwall U-Channel","43.875","1","10","10","Machined","",""
"ThinWall - Fixed End Panel","","E-12306-BL-123","Starter Channel","108.500","1","10","10","Machined","",""
"ThinWall - Fixed End Panel","","E-12307H-BL-102","Web Rail","38.875","1","10","10","Machined","",""