Part Number,Part Name,Type,Size (WxH),Pieces,Unit,Stock Length
"48349-BL-78","U-Channel-Shallow","Extrusion","43.875","10","EA","78"
"48351-BL-123","Dovetail","Extrusion","106.625","10","EA","123"
"48420-BL-78","Whisker Strip","Extrusion","39.875","20","EA","78"
"48445-BL","2"" Fixed Back Stile","Extrusion","105.000","20","EA",""
"48446-BL-102","Web Rail-Deep","Extrusion","33.875","4","EA","102"
"48447-BL-102","Glass Stop (Face)","Extrusion","33.875; 38.875","17","EA","102"
"48447-BL-123","Glass Stop (Face)","Extrusion","97.625","40","EA","123"
"48448-BL-123","Glass Stop (Gutter)","Extrusion","97.625","40","EA","123"
"48448-BL-99","Glass Stop (Gutter)","Extrusion","33.875; 38.875","20","EA","99"
"48450-BL-102","Web Rail-Shallow","Extrusion","38.875","5","EA","102"
"48468-BL","Fixed Back Stile","Extrusion","106.625","10","EA",""
"48601-BL-123","Sliding Door Seal","Extrusion","108.500","10","EA","123"
"E-12154-BL-123","Door Stop","Extrusion","108.500","10","EA","123"
"E-12303-BL-123","Flat Stock Trim","Extrusion","45.000","10","EA","123"
"E-12304-BL-78","Thinwall U-Channel","Extrusion","43.875","10","EA","78"
"E-12305H-BL-106","Web Rail","Extrusion","33.875","4","EA","106"
"E-12306-BL-123","Starter Channel","Extrusion","108.500","30","EA","123"
"E-12307H-BL-102","Web Rail","Extrusion","38.875","5","EA","102"
"E-12311-BL-85","Roller Track","Extrusion","72.000","10","EA","85"
"E-12382H-BL-122","Lock Stile","Extrusion","105.000","10","EA","122"
"AD-ACC-TRK-CAP","Albatur 9700 Roller Track Cap","Hardware","","10","EA",""
"AD-LUG-1.04-FG","Small Door Lug","Hardware","","20","EA",""
"AD-LUG-1.55-FG","ThinWall Sliding Door Lug 1.55","Hardware","","20","EA",""
"AD-LUG-1.94-FG","Small Door Lug 1.94","Hardware","","20","EA",""
"AD-LUG-3.20-FG","Small Door Lug","Hardware","","20","EA",""
"AD-SWG-SHIM-FG","Extra-Wide Shim Jack","Hardware","","30","EA",""
"DR-ASD-ABL126D","Lock Cylinder Housing","Hardware","","10","EA",""
"DR-ASD-BUMBS35","Black Bumper","Hardware","","180","EA",""
"DR-ASD-NUT1512","Hex Head Screw","Hardware","","20","EA",""
"DR-ASD-NUT2310","1/4-20 x 3/4 Flat Head Screw","Hardware","","30","EA",""
"DR-ASD-NUT2641","#10-24 x 3/8 Philips Pan Head","Hardware","","80","EA",""
"DR-ASD-NUT6360","1/4-20 Threaded Rivnut Insert","Hardware","","30","EA",""
"DR-ASD-TUB013D","Lock Stile Pile","Hardware","","60","EA",""
"DR-ASD-TUBP020","3/8-24 Threaded Rod 35-1/16L","Hardware","","40","EA",""
"DR-ASD-TUBP852","3/8 ID x 1-1/4 OD Washer","Hardware","","80","EA",""
"DR-ASD-TUBP938","Trim Sweep Pile","Hardware","","70","EA",""
"DR-ASD-TUBS071","3/8-24 Locking Nut","Hardware","","80","EA",""
"DR-ASD-ULTQTST","Swing Door Pile","Hardware","","70","EA",""
"FOAM ROLL","Foam Gasket","Hardware","","74.444","LF",""
"HW-ADR-ALB1600","Soft-Close Roller Kit","Hardware","","10","EA",""
"HW-LCK-MORLS08-FP-BL","Sliding Door Lock Face Plate","Hardware","","10","EA",""
"HW-LCK-MORLS08-LB","Hook Bolt Lock Set","Hardware","","10","EA",""
"HW-N&B-FAS3004","Flat Washer","Hardware","","20","EA",""
"HW-PLG-13MM-BLK","Hole Plug","Hardware","","10","EA",""
"HW-PLG-5MM-BLK","Hole Plug","Hardware","","30","EA",""
"HW-PLT-ALB0105","Albatur Suspension Plate","Hardware","","20","EA",""
"HW-ROLL-BUL105","MR105 Mini V Wheel Assembly","Hardware","","10","EA",""
"HW-SCR-FAS9097","#6 x 3/8 Flat Head Phillips Screw","Hardware","","20","EA",""
"HW-STD-MCMA604","M5x15mm Press-Fit Stud","Hardware","","40","EA",""
"RM-PUCK-BRKT","Roller Guide Bracket 12g Steel","Hardware","","20","EA",""
"SL-502-PLASI-LCKSTRIKE-BL","Plastic Lock Strike","Hardware","","10","EA",""
"GLASS-CLEAR","Clear Glass","Glass","33.375"" x 98.125""","10","EA",""
"GLASS-CLEAR","Clear Glass","Glass","38.375"" x 98.125""","10","EA",""
"DR-ASD-MORN1829-BL","72"" Locking Pull Handle","Option","","10","EA",""
"cardboard-box-door","Cardboard Box","Packaging","","10","EA",""
"DR-ASD-NUT884","HexSleeve Anchor","Fastener","","20","",""
"HW-BLT-FAS2060","Lag Bolt","Fastener","","20","",""